ID,TyreLife
16980,7.64
8169,19.31
22244,18.56
9083,20.41
6420,35.87
1685,21.14
8339,28.08
10872,19.79
16659,27.55
1274,5.51
18986,7.97
507,4.55
8541,24.58
2146,26.07
7275,26.28
19749,21.92
14098,9.98
2168,40.83
21820,12.2
19177,11.39
12308,7.71
8783,12.01
19151,5.0
9228,17.82
10033,5.42
1754,5.02
1399,12.78
16374,11.75
308,9.08
2331,17.97
14667,4.21
19611,6.26
18935,12.97
19576,9.51
7001,18.67
2575,3.32
12962,7.96
21325,8.57
318,21.25
6763,14.91
10188,12.64
19545,7.0
13616,2.0
6836,22.71
13055,13.06
10351,19.01
334,9.98
18660,3.13
4829,11.01
3367,9.02
13905,8.35
15993,8.21
9140,34.78
11715,7.61
599,10.1
15758,16.03
3373,7.51
6569,30.03
20212,16.25
11159,14.02
4363,1.26
15142,6.18
10199,9.72
12031,24.57
18498,8.57
21042,6.69
390,9.68
8637,3.99
1103,31.31
9966,1.22
15067,5.12
9079,16.96
4914,30.79
9714,22.35
8754,22.46
2616,30.02
15827,17.25
4818,21.91
7109,17.29
3171,6.93
14791,10.65
10437,6.03
5862,11.96
23408,9.86
9477,5.0
19117,7.02
4730,10.18
875,6.86
11608,18.26
191,7.19
22448,4.99
1035,19.76
13934,13.71
5246,12.15
3823,1.74
3219,4.45
13968,1.26
12089,7.8
12785,21.94
6748,21.81
13662,12.93
4541,7.99
5605,7.94
11488,22.39
18870,6.29
18122,5.33
19248,10.91
5998,1.26
4473,17.42
22180,21.98
689,1.95
15621,17.87
8112,10.2
5512,23.37
2805,45.93
15674,5.29
20819,8.13
14273,2.37
23386,16.2
17828,1.18
5277,18.56
21766,14.93
20734,13.18
11065,10.39
2036,30.0
14752,17.71
18069,12.72
5659,40.68
17854,1.84
10966,8.83
2753,2.0
9744,4.21
16995,1.11
486,21.92
22060,15.07
4704,39.96
16387,4.0
12145,18.03
8217,8.99
8682,23.23
14577,12.0
16229,13.03
18213,5.68
6380,19.49
12770,12.31
23250,15.83
11592,22.48
4595,5.8
9020,17.93
2225,45.92
8927,4.22
5797,29.94
14578,12.72
10655,3.99
15563,15.51
12508,24.66
2736,35.1
4709,5.0
12929,6.66
22933,12.96
2285,44.64
4247,38.84
3775,6.12
13367,10.44
13782,12.52
3264,8.15
20911,17.03
4304,19.4
6592,51.11
20499,29.6
4896,10.62
3764,4.0
9511,9.35
9423,15.9
20825,10.09
13024,11.32
492,27.11
1866,16.9
14708,5.08
7384,7.68
9640,12.53
7501,15.58
4505,14.07
3641,34.34
4706,2.0
5979,5.94
22065,22.07
8085,17.25
21873,4.51
22403,1.5
15698,10.76
857,11.33
15528,19.99
19034,20.61
15599,12.33
4554,21.46
12144,16.8
3186,22.33
437,1.26
16491,7.56
1943,13.68
19245,7.17
13245,4.94
10319,1.91
9965,13.65
12061,1.26
4005,41.29
8008,7.62
17125,19.95
8551,25.23
2935,48.18
3049,37.01
15529,22.79
12369,23.0
15077,10.32
11955,13.22
6438,52.01
20387,9.07
1662,12.96
2386,36.49
7399,19.92
19120,13.07
3666,8.0
10914,9.0
22202,16.16
8546,26.76
13415,12.94
20075,41.58
14499,10.89
19619,12.53
8807,20.62
5460,7.77
21118,13.13
16252,36.0
18079,7.59
17868,8.94
13007,9.02
22622,4.95
423,5.23
6119,14.78
5583,18.32
21027,22.06
18663,3.45
197,14.12
19495,12.48
23181,10.48
2532,7.14
6913,17.48
20583,4.0
22526,8.92
18148,10.21
19038,4.01
6026,23.1
17963,11.99
8321,19.17
12189,17.16
7957,16.92
18193,7.23
9578,10.73
14510,22.83
10373,10.71
19665,5.57
10777,29.17
3744,24.93
6087,14.06
19919,18.24
18233,6.39
7603,20.86
3662,4.0
16958,36.16
17668,20.07
11369,6.99
12839,4.3
21046,9.91
21821,10.95
14177,32.85
2367,18.12
21580,7.87
9286,16.41
12464,24.27
4500,13.03
23255,22.38
9753,11.28
19,6.43
9497,23.01
15990,5.18
7722,15.52
4128,30.25
22865,16.58
15691,5.59
3598,40.78
11477,10.88
20463,26.11
23456,6.9
13872,6.71
18743,7.36
9699,15.88
2047,41.17
22902,14.81
18960,5.28
2624,38.16
5824,4.03
8584,9.74
1147,25.76
13829,5.32
19783,8.12
16716,21.78
16629,17.01
19497,15.4
3548,17.89
20622,9.82
8440,4.53
17022,28.11
7593,17.2
2369,21.01
2470,6.96
3614,7.03
19273,15.42
20379,5.36
19563,13.01
2039,33.01
10857,5.41
1989,29.96
2977,26.22
12076,1.21
21542,14.55
17376,19.86
18432,3.11
5200,21.0
16315,15.63
10503,5.16
19962,8.37
11815,17.01
10643,14.7
7624,6.76
655,17.9
6440,3.52
20161,10.27
13414,12.55
19912,12.24
18067,11.05
2389,40.71
4175,23.96
12618,6.97
14460,10.27
18555,6.43
7508,21.6
6270,11.1
18345,8.16
18044,6.12
8766,31.18
3081,10.15
20263,33.16
14474,10.01
14376,26.41
4782,21.33
23475,21.27
2542,18.39
5569,8.52
6525,9.04
10907,2.0
9115,10.0
18781,16.88
21953,8.8
20298,8.4
20071,35.37
4860,9.13
8038,9.83
16916,12.32
2922,33.78
2160,39.73
17902,5.68
2903,13.01
22809,2.62
10844,10.79
528,8.4
5172,16.57
14034,7.95
444,7.99
3981,18.06
22411,10.92
9293,21.13
20203,7.94
3710,1.26
11944,24.41
20381,5.11
22741,8.05
6387,3.09
17622,7.08
20920,25.71
13217,21.2
3842,21.2
17364,10.05
15735,19.66
21223,6.03
11734,25.17
19615,10.0
12231,23.56
11565,18.07
12911,1.26
20998,33.7
21007,2.0
22117,24.32
21970,22.46
6181,30.02
13564,5.5
22279,14.69
4272,25.0
13482,21.01
6393,9.01
17360,6.01
16858,39.59
6546,6.99
9267,17.87
18754,1.01
7935,6.55
19089,19.23
17103,14.41
3486,9.43
14538,11.09
17897,2.24
9998,6.47
18794,9.51
17759,11.0
11945,23.86
23011,30.23
2854,38.84
4701,38.6
4020,13.02
18126,6.86
6365,4.61
10696,15.08
3551,20.84
5798,31.15
2241,3.04
11732,22.84
19073,5.26
8877,6.48
1140,19.53
3460,32.21
7377,5.46
9990,24.13
16357,16.91
7980,12.68
14831,6.72
13234,7.08
20758,11.69
21481,8.08
12941,4.62
9869,18.06
17807,5.66
6019,19.13
4434,15.01
2194,14.95
22833,10.14
9030,11.54
14413,6.6
13131,1.26
23126,9.09
7033,6.38
18287,4.35
2618,32.16
542,12.29
7185,5.63
15356,5.81
13039,14.3
1210,4.99
22715,7.29
22266,3.44
13705,9.68
5911,15.45
256,15.31
21862,6.15
3121,7.57
6201,49.58
11027,6.35
7768,9.65
13455,9.92
14532,13.24
18043,17.33
8146,7.91
15072,6.75
21369,9.95
8572,11.09
12182,13.02
1837,21.71
4050,10.5
5330,12.07
21458,5.48
13792,7.52
1276,4.9
7028,18.85
12364,20.14
23027,4.0
10868,16.24
18655,12.88
8185,12.87
3388,22.28
7944,4.18
16194,17.89
17582,6.2
4452,33.2
17678,6.17
7391,12.72
8057,27.72
9704,20.67
10487,10.06
7460,13.32
712,11.68
3073,12.84
17264,15.87
10516,17.42
14392,20.91
14088,22.99
1431,9.04
13941,4.41
1916,8.28
23346,13.99
10489,12.14
16595,6.0
12664,15.75
12633,14.6
18994,15.33
21783,22.88
1830,14.64
23025,2.0
9745,3.57
200,16.7
6334,28.03
18484,12.11
12751,33.1
13736,14.77
14537,17.94
1765,15.18
9880,27.38
16737,1.26
5573,9.23
10599,28.23
15247,7.05
3245,28.51
3699,32.86
15032,31.13
18871,6.64
15544,14.21
19479,26.23
7450,6.48
2830,16.17
16512,5.01
8002,4.0
7901,2.74
4229,21.1
23441,7.94
13818,25.19
7223,15.47
13749,28.21
3703,36.47
1645,31.78
14964,9.43
4438,19.1
19377,8.75
20197,38.94
12277,7.52
17393,15.72
11973,7.89
16971,10.44
22794,3.0
9405,14.68
545,16.05
17014,20.0
21961,15.05
3074,12.91
10754,5.95
5059,9.32
15597,10.29
20562,28.35
21254,10.79
15618,14.66
12111,10.61
12878,11.9
2414,8.49
22577,4.89
6066,12.26
14850,13.05
1006,9.03
6161,10.0
10151,5.72
3419,8.14
23298,7.54
4169,15.96
17867,7.96
514,11.13
14898,13.88
22730,17.48
20986,20.86
13413,11.04
23221,8.69
7595,15.35
19833,9.06
3452,24.79
13558,8.17
8210,2.0
8502,8.33
320,22.85
11665,7.42
1853,4.02
4048,8.64
8004,5.98
5603,6.19
11788,10.7
2310,14.8
21165,18.01
20224,27.5
13014,4.89
21856,20.22
21750,14.44
15297,9.02
7973,5.47
19859,13.49
5599,4.56
945,4.32
7588,8.38
235,7.79
97,2.1
4330,9.92
20705,26.28
5261,2.86
4017,11.4
19786,8.47
5794,27.07
22342,14.95
13545,12.67
1329,7.15
2926,37.17
14916,7.17
7615,11.92
1604,4.92
5626,6.97
6397,12.98
8116,11.64
12772,7.09
19381,1.0
19862,21.63
2734,33.1
15281,24.95
3274,8.44
7995,23.87
7857,22.75
5622,3.0
12435,16.68
18156,17.41
11300,11.96
21202,24.06
6698,19.08
9982,16.64
9611,11.14
12430,12.02
15164,11.79
20291,10.16
13951,15.21
7170,14.09
21719,4.94
10430,3.96
21511,9.94
15931,18.52
2472,8.71
18298,12.45
5819,52.62
11183,5.52
20447,10.04
13084,21.29
5224,45.15
22223,17.6
20923,30.59
6366,5.49
8429,4.99
11445,8.15
21865,8.94
21533,8.12
13772,8.87
7860,25.3
22914,7.07
15439,28.97
4770,9.03
8808,8.72
16885,5.54
21199,20.48
6342,8.0
18413,10.98
13469,7.93
19890,10.01
14515,28.7
14512,23.83
15996,10.12
18536,9.24
13882,18.03
15457,18.49
23049,11.02
21171,23.94
12679,31.09
5762,18.95
16075,3.0
11042,1.26
18991,12.96
4843,25.08
18099,11.24
10219,6.14
20632,19.67
6637,20.91
13314,2.2
4892,11.21
10321,4.35
9574,26.53
15873,7.97
6642,25.0
6098,24.94
20063,27.67
18422,12.64
16767,11.12
2028,22.07
17447,11.9
5213,33.77
4906,21.77
4840,21.69
7897,18.93
50,17.57
13979,3.14
12346,10.81
10376,14.28
5471,5.98
19230,10.55
7583,5.27
7548,3.18
720,4.98
12205,4.97
4989,38.38
22543,24.61
13711,1.26
20816,7.49
15372,13.92
15845,33.0
17901,6.16
5260,2.26
11156,10.9
11467,1.26
15796,2.88
9610,11.02
11415,4.18
23111,15.14
5628,9.21
20774,18.71
14076,11.9
11935,15.39
20120,14.24
15116,12.09
22641,10.04
9087,24.12
11045,3.99
6952,8.85
22831,8.62
10850,16.93
489,24.97
1960,8.51
7088,12.87
3408,41.72
22365,20.18
402,10.13
9680,9.37
13468,6.55
15473,16.15
1373,1.26
18051,14.45
848,5.87
2096,32.23
19308,12.35
23058,6.37
20832,8.72
5076,15.19
21394,9.77
10939,5.61
15672,25.23
8980,26.49
15276,21.16
20515,7.06
7929,1.26
344,8.21
8098,29.94
20045,10.75
22998,16.1
21331,16.98
9553,8.66
17482,15.76
114,5.08
3139,25.17
10759,11.98
19612,8.37
18995,16.96
13028,1.04
978,19.54
22254,9.59
4697,40.92
18378,6.21
8531,14.77
7715,16.08
16126,15.12
7752,8.88
2873,6.14
17238,11.55
17816,13.71
21307,16.52
9639,13.03
1177,7.08
4383,7.43
10248,1.98
9921,16.07
6962,7.53
6640,23.92
19259,1.26
4838,20.0
18305,6.14
17000,5.99
1724,9.6
16969,8.06
17330,13.02
10249,3.29
17738,6.12
17660,13.25
10182,7.17
16187,11.81
22466,7.18
16630,18.08
5108,6.69
1820,3.76
22278,12.8
5652,33.9
7300,10.95
16195,19.75
16522,14.96
6081,7.86
1669,3.36
4631,40.41
14338,6.63
4417,38.1
1927,9.76
9954,3.44
1473,1.26
17040,4.07
1201,28.85
15664,13.63
14312,9.49
20262,38.92
1846,31.28
22506,4.97
11931,11.01
12017,12.1
10918,13.12
19506,8.45
3549,18.72
5487,22.15
12253,20.25
4643,16.38
23119,20.83
439,3.05
3615,7.95
8691,28.31
8669,9.48
10761,13.75
17946,15.82
23065,9.99
19105,15.0
12837,1.63
23359,24.87
4700,45.25
18584,15.25
80,12.54
3829,7.97
19755,9.32
10004,7.84
2300,6.7
17086,14.28
7414,8.76
20576,41.46
9070,7.44
19507,7.41
2826,12.1
18439,10.71
21205,27.32
2108,43.99
18861,14.46
268,5.04
18771,8.3
19814,6.04
10472,12.33
21639,19.54
5668,49.6
7692,4.88
15617,13.54
8777,5.93
10128,9.24
19008,10.78
371,8.38
8114,9.62
19211,9.03
21636,16.55
2252,14.17
12777,16.76
3960,39.61
19864,4.34
10312,21.49
5474,8.64
7539,4.32
21237,19.59
7873,9.96
14644,11.92
10627,28.23
5020,22.44
1642,29.25
16015,5.0
10380,20.42
5563,16.39
10393,4.92
11681,21.81
2270,32.11
6174,23.0
12155,7.96
20914,20.45
15044,4.45
21243,23.18
15300,12.02
4888,7.75
1711,8.01
6714,7.42
1874,8.92
6127,22.67
7660,14.46
12090,12.51
17585,10.25
4057,16.37
1515,26.78
2449,9.8
1435,13.1
4523,31.74
5140,38.21
17373,18.3
1949,1.26
6499,37.19
9712,21.66
13875,9.42
22837,12.05
21538,5.88
12396,23.43
16192,16.81
22774,17.44
19781,7.59
307,8.79
22769,14.37
8867,14.12
20067,31.86
10278,18.14
21055,17.97
7981,9.37
7253,6.94
22094,2.95
10549,6.32
1087,14.68
16168,14.06
9806,30.49
5864,4.35
10405,3.36
6434,49.8
2258,20.13
12623,11.77
12853,1.13
7885,7.4
1553,4.02
12503,16.67
17384,11.92
9313,18.68
3973,10.31
6518,2.9
3302,35.48
7649,9.62
15728,10.96
1906,7.0
1994,37.94
11786,8.79
5237,4.31
13005,7.01
21810,21.23
6580,41.24
2917,29.55
15879,11.07
19053,2.36
8096,27.96
2732,31.55
7236,9.98
5005,10.08
2707,6.29
12225,17.47
2305,9.34
15703,15.86
12636,14.23
7533,20.82
5544,1.26
13846,9.58
5636,17.02
4392,12.85
7396,16.45
5749,6.92
3262,6.27
2041,34.7
11037,15.73
1882,16.53
16295,17.19
10010,16.96
10887,5.74
11382,20.01
11255,5.99
22047,13.16
16373,11.71
2774,14.99
21994,20.17
23101,4.33
18736,2.96
21593,20.96
6407,22.98
13649,8.03
7547,1.31
7241,13.55
17246,15.69
3858,37.27
15010,9.49
10130,11.07
21186,8.61
9458,24.14
10602,3.02
4565,32.06
23266,10.97
22567,5.61
981,22.72
15243,3.47
9683,11.87
15733,19.26
22479,3.75
2979,28.58
11001,12.05
4513,21.43
8078,10.0
2824,9.93
15775,14.25
6921,21.01
350,13.95
6656,13.61
17619,3.2
8306,8.21
16395,11.98
8535,19.23
22934,12.44
21808,19.58
12195,25.14
22046,9.05
17362,8.02
19882,2.0
533,5.9
22468,10.24
10605,5.95
5503,14.58
5325,9.59
20143,16.98
9638,7.42
20896,6.49
10193,3.82
21600,2.4
5767,23.31
1601,2.0
19334,9.18
9304,9.96
19103,12.98
22894,5.46
15491,12.85
12413,8.87
12353,9.52
12124,29.46
1713,9.21
16946,24.56
14166,30.1
20548,12.73
6628,11.9
8375,20.25
11740,10.25
11317,7.01
17812,10.02
25,11.62
13176,2.0
15375,15.94
1740,22.06
13571,1.26
2040,33.79
19923,20.16
13157,2.31
15354,19.73
17888,14.36
11574,6.67
20394,8.9
20026,18.95
20965,1.73
4728,7.97
16780,21.44
18929,7.0
20728,7.24
12041,12.61
20292,13.09
59,3.04
1502,15.32
4491,1.0
1037,22.54
4146,11.98
6845,7.37
15811,16.95
15502,7.95
18307,7.74
23480,23.89
8658,13.57
7387,9.8
4217,9.88
5953,29.97
1207,2.0
14379,26.41
20232,10.17
11628,16.64
4992,3.03
17924,13.18
21599,25.24
5206,27.04
17054,4.13
18514,4.38
14414,7.43
6765,16.99
15541,11.48
5012,13.06
21886,11.3
22683,8.04
9397,9.24
13588,9.07
13955,18.96
23392,21.08
2117,3.75
1168,12.75
15654,7.38
691,7.22
21218,39.74
5121,19.13
7067,14.81
20759,11.98
14662,31.26
9750,8.92
5933,11.96
8184,7.65
22054,9.31
12748,31.71
10370,7.57
9265,16.6
1175,1.66
1388,6.54
13277,15.66
312,12.34
8932,9.16
16944,21.87
15221,14.26
10695,15.51
14199,1.26
17066,14.57
14967,11.84
11149,4.01
15542,12.28
21323,9.24
5183,3.98
14073,8.77
8942,18.94
1606,7.01
11620,24.45
6828,14.27
8443,7.78
3941,20.18
540,11.0
15897,21.73
3757,38.0
6882,5.01
10630,30.89
9338,9.59
18013,8.56
20890,6.46
10283,23.19
14544,9.53
19823,4.86
22876,12.28
16981,9.82
17255,7.03
20016,9.02
9896,12.85
15380,6.01
6528,13.11
3346,30.7
2492,29.74
11058,3.67
5388,18.95
2754,3.0
21662,18.76
9622,15.65
6884,6.83
18659,2.0
20233,10.02
16870,10.0
16754,18.12
9961,10.3
131,2.11
14904,8.74
11759,8.47
11080,8.17
13139,3.61
16090,18.09
6106,7.62
16447,1.85
10189,13.4
8685,21.13
7520,9.41
18816,8.24
9632,18.51
16410,7.02
845,1.14
18181,11.91
10588,17.42
20511,3.01
19799,19.57
5327,11.04
16420,17.03
5278,19.12
22579,6.19
23216,3.66
16545,18.18
11561,14.89
18965,7.96
21420,11.3
20234,11.04
2088,24.25
1659,10.01
17276,11.77
6217,10.95
18876,10.46
22705,15.09
9074,11.84
4985,37.46
3151,36.88
21875,7.37
5917,20.23
18631,14.19
20398,11.87
13189,15.51
13015,5.39
448,1.0
13802,9.08
8815,15.72
3518,38.61
7044,17.16
871,26.38
16439,12.92
22088,22.12
17736,2.5
5413,2.0
20410,12.17
12591,7.1
8338,26.16
4549,16.0
3927,6.95
2311,15.51
16274,15.99
23033,10.0
3403,36.97
3899,6.24
22141,5.57
16824,6.01
18468,13.69
4058,19.45
14597,6.54
17970,7.09
15060,16.1
15293,5.04
17254,6.01
23316,3.01
9571,24.51
9972,5.46
18183,11.31
21358,13.83
1700,1.26
18691,8.76
23253,16.36
15890,21.53
16783,6.05
15498,5.4
1478,6.01
10305,16.22
21823,12.04
11842,17.01
16892,12.08
5072,17.34
20782,25.99
17755,7.35
3869,1.73
19842,17.73
5007,9.22
20556,21.84
20508,37.78
10451,20.41
15564,16.16
8218,10.0
22749,15.32
22453,10.01
458,11.52
9307,13.05
5131,29.4
5984,10.05
14755,11.82
14153,17.09
14066,2.1
738,7.61
23080,23.49
12095,17.38
9245,34.16
22414,13.74
10420,18.07
5202,23.04
19782,6.23
18574,6.55
16840,21.71
10330,12.46
6370,9.48
21731,16.71
3449,21.53
23478,23.27
1251,29.4
7665,23.14
22275,10.53
20103,24.49
5049,3.48
918,17.0
19502,1.11
6929,11.06
10603,3.98
9262,15.41
17204,9.17
20642,29.03
5770,3.0
321,23.14
6727,20.07
14216,16.97
9462,4.67
3756,36.98
17270,7.3
20801,9.01
4276,28.43
15093,8.97
13462,15.35
19440,4.08
5556,12.79
19965,10.48
1247,24.78
16158,4.97
18533,6.67
8677,19.83
18364,10.14
6567,28.16
2565,42.16
1750,1.26
11217,10.62
3580,23.89
14031,8.48
16334,13.98
9658,8.86
6149,21.96
2570,37.42
4773,12.01
3076,2.42
22225,20.46
5594,18.02
19155,9.04
698,8.71
4520,27.98
20240,14.8
8868,15.11
12427,7.22
4397,18.66
22447,4.01
3952,31.61
4427,7.99
19147,1.26
11083,9.78
947,6.68
13022,12.45
15900,3.0
16437,11.32
3814,3.0
8499,5.09
1287,15.9
21632,9.23
16375,13.1
11633,17.03
17677,5.88
15189,2.37
15613,9.17
20314,18.55
16457,9.35
12774,12.87
23177,7.92
1790,22.28
14052,13.8
16508,1.26
10586,15.46
16827,8.99
2733,32.23
12043,13.3
11579,11.57
5425,13.88
14314,11.03
11802,7.11
15716,30.77
9803,27.87
2382,33.61
890,5.33
9939,16.01
20834,10.69
21712,20.58
10252,6.2
15754,12.14
11050,8.74
4134,36.24
20550,15.44
3812,1.26
1908,9.11
19840,15.31
18316,6.27
6617,1.26
13647,7.39
21571,19.35
1153,32.55
196,11.81
4257,10.02
22604,9.67
14711,7.0
8654,10.47
15326,20.64
2975,24.8
15752,10.03
14369,20.15
8925,2.19
17999,1.37
17091,2.0
19168,1.34
15118,14.33
4563,30.4
9090,11.79
907,5.7
10664,12.99
4502,16.02
9199,11.96
772,4.55
19649,25.17
171,5.01
16513,5.99
497,5.11
11546,28.01
7061,11.34
14003,8.64
1684,19.26
3103,24.81
54,19.33
17882,8.09
14843,6.3
23482,25.32
9676,4.99
21039,8.5
14853,16.23
8239,30.95
1361,20.65
2664,24.06
138,11.93
9004,22.97
6283,1.52
16487,16.87
2607,21.14
15627,23.76
2208,28.93
20389,10.94
4774,13.02
14081,16.97
5661,42.57
13105,7.69
16135,1.26
21927,19.14
7552,7.23
16023,12.99
11752,20.14
17124,16.22
11640,24.99
17525,12.03
5570,8.67
1215,10.06
10349,15.94
3541,10.86
2191,11.46
17509,17.99
805,11.91
1402,19.53
18613,13.52
17106,17.06
15470,12.48
5322,7.8
1612,5.31
12295,19.86
15441,31.8
16733,38.97
483,18.54
11285,27.16
22713,8.71
2780,21.21
749,14.3
13461,14.91
4841,22.95
7434,12.36
23168,14.19
12481,7.9
4249,3.01
10580,9.44
5831,9.16
12723,28.31
18626,10.59
17228,15.45
14419,4.61
7578,14.44
3432,4.0
4705,1.26
21824,13.08
9227,18.36
3591,34.57
12902,7.14
19048,14.04
10156,12.36
14707,4.76
7475,2.0
9093,26.04
22512,11.01
6204,18.13
10667,16.01
19389,8.96
23314,1.26
632,13.9
18452,12.51
21487,11.01
19510,9.51
16694,20.05
10384,23.64
14600,7.64
16763,7.51
18793,8.9
14154,17.47
3420,1.26
8865,11.97
169,20.32
18715,1.99
5954,30.28
2419,14.45
10326,9.43
4605,15.58
7710,14.88
11562,15.64
8863,9.81
5342,8.42
8968,15.43
240,13.48
6364,4.19
10891,8.26
18331,10.46
2185,6.18
5127,25.41
19951,14.99
11095,2.0
21130,23.98
1240,17.83
9277,11.11
6707,2.94
9023,11.72
11023,3.44
17880,5.96
18727,7.72
9420,17.1
18042,16.89
3155,2.39
1964,9.95
12341,5.85
16519,12.04
8649,4.5
20972,7.62
9937,15.32
16130,18.62
15282,27.88
16465,7.44
7290,14.21
5586,19.48
15152,16.11
4367,4.99
7178,19.99
4013,7.87
1202,30.19
9432,19.57
22331,3.99
6360,12.26
7629,11.9
21733,18.78
2771,12.23
20822,7.64
22146,10.84
22875,8.25
1814,14.99
19870,9.23
532,12.81
1529,7.09
16259,1.26
23123,26.42
20568,32.54
13944,6.1
12137,9.9
5382,48.61
19450,13.77
17077,4.98
15575,14.79
5744,3.87
22513,12.13
635,15.26
18093,11.99
16967,7.1
6574,34.99
20626,14.31
1436,14.25
3252,36.49
3093,16.53
2558,32.31
10756,8.76
18263,11.9
22835,9.77
16884,5.51
14687,7.94
656,18.02
5982,8.4
9657,5.17
6900,6.21
18509,4.27
15453,7.24
296,15.36
4072,34.17
22660,7.76
2951,8.03
13683,33.89
2800,41.32
3304,37.94
8147,8.89
1822,6.98
20168,11.6
14591,19.32
3234,18.43
8108,6.19
5792,24.81
14507,20.35
452,6.12
15980,31.98
16601,12.05
3761,1.26
2462,6.99
4965,20.6
4345,24.15
18153,14.92
12671,23.11
20843,20.34
12074,14.13
13642,2.93
7574,11.22
12183,13.12
8849,7.94
22812,6.96
5344,12.54
19655,6.04
3053,1.26
17941,15.34
18386,14.57
19747,20.37
4284,36.27
325,1.26
5492,4.38
3105,2.01
18740,5.01
4932,49.5
11128,6.39
12981,15.75
8833,29.1
20350,16.02
8689,24.01
11645,4.96
9077,14.89
19213,11.0
20593,14.01
10014,21.45
5236,2.44
6332,25.99
22143,6.61
14479,2.0
4066,25.81
12453,13.77
15455,9.31
777,3.17
18328,10.47
10447,16.7
14714,10.37
22915,1.53
1676,11.08
18488,8.7
3362,3.88
8225,17.39
7080,5.01
14373,23.74
5219,40.12
2897,6.35
8951,25.3
3469,41.32
17829,2.37
13811,18.09
9250,5.23
7231,4.22
12148,20.46
13346,15.2
13755,34.1
4450,31.07
9871,20.95
21423,16.24
12793,9.25
1100,27.9
15916,19.19
17205,10.04
12471,34.01
4597,6.97
15689,14.89
21151,4.0
7783,9.4
5395,7.47
7128,13.73
16464,12.06
6457,18.79
20909,14.92
14994,12.97
6603,10.23
11494,28.32
19578,10.93
3295,28.59
6629,12.72
19889,9.06
19742,15.94
8812,11.19
10658,7.0
19642,19.0
23030,7.0
6547,8.01
10444,13.48
13688,5.14
16208,12.79
2148,28.54
8616,38.18
14864,10.87
12698,4.24
7039,8.42
18554,16.01
9702,16.95
14370,21.19
7323,23.59
1534,12.18
21596,23.67
7094,6.59
15783,22.24
15199,11.05
909,7.39
23423,20.24
6177,25.97
2929,40.75
15830,18.17
6524,8.5
2445,4.87
12243,7.93
23462,10.99
20004,36.07
115,5.06
3406,38.61
1784,16.81
6960,15.78
12170,24.78
3719,1.38
9635,19.53
11130,7.88
17549,3.61
14602,9.37
12000,12.93
21573,20.74
12139,11.94
17575,9.36
13327,14.81
22698,10.59
19480,24.28
22310,6.39
5649,30.46
5765,22.93
697,8.58
13817,24.19
17842,5.63
13961,23.1
21460,6.77
2025,19.12
19756,13.23
22069,7.97
13973,3.38
18746,10.89
2204,25.02
8552,23.07
272,8.03
2231,2.64
13605,11.64
9677,6.09
15764,4.25
3176,12.75
5715,24.89
4467,11.17
13442,4.07
17595,9.82
610,4.05
3856,36.18
11377,15.01
14440,24.97
21401,16.45
1264,9.01
806,15.02
7938,9.92
23171,16.9
15904,7.08
10773,25.41
9437,20.77
22758,5.5
18763,9.83
15246,6.38
5677,7.39
17443,8.9
12371,27.03
5904,7.81
4821,3.02
9964,12.98
18726,7.89
7591,12.88
19253,16.42
2924,34.94
19562,13.84
5243,9.49
7606,3.0
11314,3.99
8373,18.02
5657,38.86
20947,13.04
6879,17.07
20092,14.06
10571,1.52
19979,13.62
15842,31.17
15417,8.99
420,13.26
19504,3.28
22238,9.22
6769,20.99
3338,23.06
6860,18.91
22897,8.81
22985,3.73
21592,18.7
3335,19.89
7137,23.1
17260,12.0
8031,19.11
17600,6.61
15445,34.38
9109,3.96
7492,11.2
13316,4.5
18523,12.49
3241,25.08
23436,5.46
5829,7.98
1084,11.34
14736,13.23
1195,23.29
18594,8.31
7380,8.4
7436,13.89
716,16.87
15109,6.24
15615,10.97
4065,25.0
2009,3.34
152,6.0
20204,8.89
21950,7.09
20818,8.82
15362,8.05
6586,47.23
14621,11.09
1000,4.94
9761,17.13
14905,9.34
10083,21.0
3572,15.66
3395,28.64
14818,35.0
18948,8.56
12522,11.36
5682,9.09
12614,23.86
13362,5.94
20221,24.28
21372,13.01
16778,21.99
20282,18.94
3793,22.84
1841,25.72
22747,13.93
13486,4.08
21567,13.96
4207,16.0
7378,8.38
19142,17.69
8435,10.91
10533,4.06
10238,20.56
8959,10.26
12265,31.5
1058,3.0
3882,10.38
16844,26.18
3222,7.34
22078,12.82
2724,23.17
4094,18.42
14296,15.22
14300,19.49
469,5.46
15981,33.5
8915,3.87
2687,47.07
18167,15.78
20991,27.02
22504,3.01
12474,30.99
1796,27.86
2232,2.9
15174,21.41
860,14.83
17740,9.34
20789,34.16
17722,21.7
16501,28.09
19113,5.88
3505,26.14
6589,50.17
14071,6.94
14651,19.82
8516,19.87
9887,5.31
12381,10.7
2674,33.42
5860,16.91
11763,8.52
12047,18.95
18475,5.64
12350,8.03
117,6.79
15252,12.27
12200,30.03
7451,5.98
12662,14.59
14553,8.91
22070,3.0
13625,4.8
2426,20.73
17903,7.66
13675,24.67
10892,10.4
17026,32.09
5992,19.75
9700,15.05
6590,51.24
23444,7.93
20573,40.26
22190,6.14
13520,13.71
18272,8.8
22853,4.98
13454,9.98
15534,22.25
20596,17.01
6846,8.67
21054,18.01
12925,2.63
10647,17.77
10765,17.16
22655,5.19
11631,14.66
22801,10.0
11714,6.77
18705,7.58
22122,27.26
22991,11.54
14503,16.07
7117,5.81
3372,6.29
19055,4.37
11332,22.28
3299,32.67
19400,4.9
10265,5.62
4951,8.64
20479,10.6
8472,32.97
4698,37.41
21488,11.84
16475,11.14
12833,10.91
7733,15.99
274,9.99
9441,8.07
20841,17.25
16757,1.0
11729,21.78
22818,11.2
10466,6.71
1727,9.25
9858,6.47
6489,27.12
8995,13.82
8140,2.0
12887,8.83
1536,12.65
18124,6.09
9303,9.81
11823,25.98
22022,9.41
5090,30.72
3678,11.14
8081,12.42
4248,39.64
19617,12.18
7565,3.55
2284,45.88
16667,34.67
11311,1.26
20571,37.49
16568,40.53
10422,20.1
8956,8.64
1182,9.19
12160,16.75
20434,35.96
9923,15.49
10870,18.49
13626,6.03
17636,7.82
10854,3.08
12735,17.65
10831,3.81
20140,14.0
2322,24.55
9719,8.35
21137,31.84
10495,17.22
18938,16.11
15680,8.75
6548,8.99
4655,7.99
22541,18.24
13198,10.13
23187,17.48
678,5.59
2538,13.3
17310,9.03
11636,19.76
13172,16.3
21087,10.98
2031,24.88
761,2.0
7846,12.29
6974,13.93
951,10.92
16697,3.08
18967,9.58
14604,10.73
21689,21.72
18450,11.82
9667,14.77
1794,26.89
7966,21.66
22881,14.77
9645,6.12
11588,20.3
15522,14.44
22081,15.51
2045,36.85
18288,5.59
13292,8.43
7125,12.22
2844,29.12
10564,11.52
23297,7.63
16297,19.34
14946,21.17
11121,28.14
9046,27.56
7013,4.81
23160,9.76
21504,4.91
13470,8.7
3072,11.52
15334,28.13
15050,7.43
6042,39.82
6870,10.07
6493,31.34
17297,20.76
10820,1.07
4416,38.94
21263,19.66
2894,4.64
21895,11.48
12871,5.0
23343,12.22
1564,5.89
5719,28.73
14132,10.24
2402,3.97
3956,34.56
10575,5.03
21790,2.62
21067,30.7
14623,3.91
22329,2.0
4660,13.01
21703,10.07
22182,22.93
3739,19.49
11690,7.85
2227,5.86
20824,6.44
5543,19.01
2997,45.45
19826,2.0
16213,18.55
11578,10.35
12070,9.9
17763,5.12
16432,6.57
16165,11.02
15941,11.99
20142,15.98
4695,34.05
14835,14.8
21180,8.2
4184,32.24
17599,7.03
6382,22.03
20912,18.76
4737,18.52
7264,16.26
4723,19.16
12906,11.21
3945,23.86
9773,21.41
16444,16.93
14601,7.97
7068,20.71
3853,32.75
10194,5.45
6338,32.13
2439,31.98
9376,17.55
3326,11.25
14128,6.99
3273,7.65
18768,13.29
17516,3.0
12968,2.61
20970,8.33
2848,31.7
8529,8.66
21876,6.75
17488,16.56
13062,19.69
18769,14.35
20275,12.01
3330,14.56
23207,11.19
9200,13.24
990,4.98
6949,5.89
21225,8.4
21495,17.11
13927,1.26
20696,15.86
7560,8.12
4852,4.93
10241,23.02
13088,2.0
12629,10.08
19895,15.03
16959,37.03
12877,10.97
2769,9.93
182,14.91
9024,16.56
5650,31.73
2602,15.88
18537,8.63
3607,15.62
11691,10.75
7431,8.57
14560,1.03
7721,9.17
6895,16.49
16028,17.97
5464,11.51
8526,20.52
23215,5.51
6241,12.99
16747,11.16
20985,20.69
8250,8.5
9548,4.67
11701,20.59
2289,1.26
13677,26.41
8765,31.8
7141,26.76
4497,4.96
20325,28.31
7905,7.82
18421,13.02
6712,6.58
6310,3.91
15086,2.16
6398,13.96
14526,6.72
2620,33.96
2267,29.03
14881,27.38
20003,35.88
13947,10.36
19653,3.97
8813,4.31
3915,3.0
17123,15.99
1718,6.79
15289,35.75
10125,5.99
4632,40.65
21714,21.59
8009,9.34
6563,23.95
1849,33.7
22944,12.4
6663,19.99
10039,5.07
2663,22.54
15494,15.16
4400,21.76
11129,7.11
16920,15.67
4997,6.73
18943,4.22
22162,3.97
4354,31.7
12121,22.41
16616,3.96
3528,7.0
8908,32.25
887,4.6
13090,4.02
21609,10.2
4267,19.54
10311,22.17
16794,13.73
14504,17.51
5360,27.03
8317,15.61
15481,5.52
13076,13.41
5526,38.04
16801,3.01
9774,22.39
5058,9.43
19068,16.03
9229,18.91
16226,10.25
22807,1.21
8672,14.24
8888,13.16
2585,7.01
19375,5.81
6092,19.0
708,11.73
14151,14.72
9103,36.19
18678,13.82
4293,7.8
22352,10.66
16761,4.98
22465,6.94
3479,3.36
5268,10.52
2213,34.06
11899,12.3
6758,9.95
10148,5.68
17308,7.01
5991,17.92
17737,5.49
11836,13.83
2370,22.7
19465,10.95
6794,3.96
9026,12.57
23449,7.94
17079,6.53
7472,24.7
12938,15.72
20309,13.54
6550,11.0
20333,35.83
17532,1.66
973,13.16
16215,19.56
161,12.81
7997,25.87
11228,13.93
